{
  "version": 2,
  "builds": [
    {
      "src": "package.json",
      "use": "@vercel/static-build",
      "config": {
        "distDir": "dist"
      }
    }
  ],
  "routes": [
    {
      "src": "/sw.js",
      "headers": {
        "Content-Type": "application/javascript",
        "Service-Worker-Allowed": "/"
      }
    },
    {
      "src": "/manifest.json",
      "headers": {
        "Content-Type": "application/manifest+json"
      }
    },
    {
      "src": "/(.*)",
      "dest": "/index.html"
    }
  ]
}